Type,Name,X_Relative_Meters,Y_Relative_Meters
POI,engineering,0.0,0.0
POI,engineering1,10.78690799999503,-40.83588666718384
POI,engineering2,38.763479333961264,-152.41563333372625
POI,gte1,101.02475533375565,-191.21065333425477
POI,dent,141.85414833353778,-149.0389266672797
POI,1,137.54884733398652,-66.42093333371903
POI,addmetion,116.29043800053913,24.60171999918728
POI,gaate2,49.944645667302716,85.08558666580527
PATH,,0.0,0.0
PATH,,-0.015770332957352196,0.018553332891002583
PATH,,-0.03154066658703414,0.05565999946398392
PATH,,-0.07885166680375022,0.05565999946398392
PATH,,-0.17347366656485264,0.018553332891002583
PATH,,-0.22078466678156872,-0.018553333681978756
PATH,,-0.22078466678156872,-0.018553333681978756
PATH,,-0.2996363329129892,-0.055660000254960096
PATH,,-0.3784879997167394,-0.11132000090540828
PATH,,-0.3627176667593872,-0.7421333342280434
PATH,,-0.17347366656485264,-1.9852066671913349
PATH,,0.15770333360750044,-3.1540666674041518
PATH,,0.6308133334215071,-4.471353333513406
PATH,,1.2931673337662133,-6.104046667074954
PATH,,1.9239806668515556,-7.8666133340374245
PATH,,2.649416000706495,-9.796160000578311
PATH,,3.53255466716044,-12.078220000353497
PATH,,4.431463666571737,-14.545813333784565
PATH,,5.377683667208245,-17.21749333376252
PATH,,6.292363000249225,-20.16747333343332
PATH,,7.207042333626369,-23.395753333983436
PATH,,8.011329333276564,-26.698246667284025
PATH,,8.768305333382372,-30.260486667781947
PATH,,9.47797033360763,-33.878386667348366
PATH,,10.140324333280006,-37.4406266674508
PATH,,10.78690799999503,-40.83588666718384
PATH,,11.449262000675901,-44.08272000022947
PATH,,12.080075333761243,-46.99559333411827
PATH,,12.710888666846586,-49.5559533335863
PATH,,13.24708000050699,-51.98644000044439
PATH,,13.70441966702748,-54.231393333646594
PATH,,14.019826333570151,-56.34647333423885
PATH,,14.31946266715547,-58.27602000038425
PATH,,14.666410000285175,-60.00148000037825
PATH,,15.076438666588949,-61.4857466668569
PATH,,15.39184533313162,-63.06278000095446
PATH,,15.928036666792025,-64.88100666698543
PATH,,16.243443333334696,-67.03319333415067
PATH,,16.763864333701584,-69.4080200007538
PATH,,17.47352933392684,-72.04259333415877
PATH,,18.277816333577036,-74.69572000045474
PATH,,19.176725333660663,-77.49727333383362
PATH,,20.02832333386374,-80.59568000098281
PATH,,20.927232333275036,-83.60132000090857
PATH,,21.98384466730233,-86.73683333423526
PATH,,23.040457000321126,-90.00222000017189
PATH,,24.01821766687234,-93.45314000095087
PATH,,25.011748666717068,-97.10814666709027
PATH,,26.03682033314883,-100.8373666675621
PATH,,27.172284333307545,-104.75212000050334
PATH,,28.213126333705155,-108.77819333355902
PATH,,29.33282000057035,-112.9341400008066
PATH,,30.5944466670772,-117.20140666737763
PATH,,31.871843666877567,-121.46867333355317
PATH,,33.133470333384416,-125.56896000054579
PATH,,34.14277166685883,-129.520820000851
PATH,,34.931288333887835,-133.3242533336778
PATH,,35.625183000147246,-136.9607066669262
PATH,,36.14560400051413,-140.50439333334666
PATH,,36.79218766689299,-143.76978000046975
PATH,,37.423001000650665,-146.84963333354148
PATH,,38.10112533328039,-149.68829333349333
PATH,,38.763479333961264,-152.41563333372625
PATH,,39.50468500043739,-155.05020666713122
PATH,,40.41936433347837,-157.5178000005623
PATH,,41.28673266731113,-159.85552000059243
PATH,,42.6587516668726,-161.91494000013876
PATH,,44.456569666703686,-163.6960600007832
PATH,,46.34900966696821,-165.14322000029338
PATH,,48.03643533340851,-166.59038000019905
PATH,,49.29806200025153,-168.13030666772363
PATH,,50.44929633336759,-169.44759333383288
PATH,,51.52167900001607,-170.18972666687446
PATH,,52.60983199995807,-170.69066666719166
PATH,,53.950310333941,-171.02462666713947
PATH,,55.27501833328575,-171.3214800005143
PATH,,56.83628133337792,-171.6368866675711
PATH,,58.82334333340354,-171.9708466675189
PATH,,60.96810866703667,-172.28625333378474
PATH,,63.459821333799496,-172.65732000030553
PATH,,66.20385933325859,-173.0469400009038
PATH,,69.01097866690026,-173.32524000059664
PATH,,71.91271999996687,-173.64064666765344
PATH,,74.7513799998594,-173.99316000049225
PATH,,77.40079600056589,-174.38278000069502
PATH,,79.845197667112,-174.84661333404375
PATH,,82.10035533346358,-175.4959800002574
PATH,,84.26089100005406,-176.3123266676314
PATH,,86.43719700027422,-177.49974000033973
PATH,,88.5977326668647,-179.07677333364632
PATH,,90.61633533347735,-180.91355333375475
PATH,,92.60339733350298,-182.95442000001458
PATH,,94.43275600059343,-184.90252000063293
PATH,,96.13595200032725,-186.64653333391342
PATH,,97.74452599996381,-188.18646000064703
PATH,,99.41618133344676,-189.8006000001311
PATH,,101.02475533375565,-191.21065333425477
PATH,,102.52293700033758,-192.41662000064508
PATH,,103.97380766703897,-193.54837333428492
PATH,,105.4404486666977,-194.42038000072742
PATH,,106.74938633375743,-194.92132000064913
PATH,,107.88485033391615,-194.97698000011312
PATH,,109.14647700042299,-194.75434000067523
PATH,,110.17154866685476,-194.4574866673004
PATH,,110.78659166698274,-194.21629333418053
PATH,,111.0546873333087,-194.1235266673526
PATH,,111.03891700035135,-194.1420800002436
PATH,,110.9600653335476,-194.32761333389948
PATH,,111.18085000066533,-194.27195333364452
PATH,,111.71704133398957,-194.1235266673526
PATH,,112.33208433344524,-193.49271333402996
PATH,,112.85250533381212,-192.82479333373885
PATH,,113.29407466670293,-192.17542666752522
PATH,,113.83026600036334,-191.32197333397372
PATH,,114.35068700005789,-190.09745333350594
PATH,,114.87110800042478,-188.63174000031378
PATH,,115.4546103332934,-187.18458000040812
PATH,,116.08542366671492,-185.40346000055465
PATH,,116.74777766705962,-183.64089333398766
PATH,,117.52052400012278,-181.58147333365037
PATH,,118.30904066715179,-179.4292866672761
PATH,,119.09755733384463,-177.25854666721986
PATH,,119.8860740002013,-175.16202000030958
PATH,,120.78498300028494,-173.0469400009038
PATH,,121.85736566726958,-170.80198666770158
PATH,,122.96128900050509,-168.51992666713542
PATH,,124.15983433383788,-166.21931333367826
PATH,,125.37415000046417,-163.84448666707513
PATH,,126.82502066716556,-161.48821333415398
PATH,,128.63860900062633,-159.33602666698874
PATH,,130.72029300041305,-157.35082000058839
PATH,,132.92813966722025,-155.51404000087544
PATH,,135.2621490003756,-153.78858000048595
PATH,,137.56461766694386,-152.1373333340334
PATH,,139.75669400012137,-150.54174666744032
PATH,,141.85414833353778,-149.0389266672797
PATH,,143.9042916667375,-147.38768000082715
PATH,,145.84404266721873,-145.921966667635
PATH,,147.7522530004406,-144.62323333402125
PATH,,149.43967866654472,-143.25028666765704
PATH,,150.8116976671147,-141.85878666721536
PATH,,151.80522866729558,-140.17043333339885
PATH,,152.4518123333383,-138.5006333336598
PATH,,152.70413766670688,-136.99781333349918
PATH,,152.68836733374954,-135.2538000002187
PATH,,152.499123333555,-133.06450666766693
PATH,,152.2625683338161,-130.83810666735573
PATH,,151.99447266681779,-128.55604666758055
PATH,,151.6159846667649,-126.12556000072246
PATH,,151.14287466661472,-123.54664666757245
PATH,,150.5593723337461,-120.87496666759449
PATH,,149.92855900066075,-118.03630666764263
PATH,,149.1715830002188,-115.21620000018629
PATH,,148.39883666715562,-112.30332666708847
PATH,,147.57877933387573,-109.20492000033477
PATH,,147.2476023333672,-105.8653200004612
PATH,,146.45908566667438,-102.78546666699398
PATH,,145.5444063336334,-99.85404000021418
PATH,,144.7558896666044,-96.8669533339704
PATH,,143.98314333354122,-93.80565333378968
PATH,,143.22616733410774,-90.68869333414497
PATH,,142.48496166662312,-87.66450000014174
PATH,,141.75952633377668,-84.47332666735107
PATH,,141.01832066730057,-81.41202666717035
PATH,,140.32442600003264,-78.48060000039055
PATH,,139.61476100014357,-75.43785333389181
PATH,,138.87355533333127,-72.46932000014354
PATH,,138.1954310000292,-69.4265733336448
PATH,,137.54884733398652,-66.42093333371903
PATH,,136.88649333364182,-63.508060000621214
PATH,,136.28722066680734,-60.59518666752339
PATH,,135.8614216668739,-57.55244000062916
PATH,,135.48293366715714,-54.60246000016738
PATH,,135.1517566669848,-51.763800000215525
PATH,,134.82057966681245,-49.01790666709161
PATH,,134.39478066654283,-46.53176000076954
PATH,,134.01629266682608,-44.15693333416641
PATH,,133.4643310005445,-42.078960000147134
PATH,,132.91236933359056,-40.149413334397224
PATH,,132.29732633379874,-38.25697333403383
PATH,,131.61920200049667,-36.08623333397759
PATH,,130.988388666739,-33.841280000775384
PATH,,130.23141266696936,-31.299473334198353
PATH,,129.52174766708026,-28.405153333991535
PATH,,128.82785300014854,-25.492280000893714
PATH,,128.03933633379185,-22.616513334368875
PATH,,127.34544166686011,-19.75930000033955
PATH,,126.54115466720992,-17.124726666934578
PATH,,125.78417866676794,-14.638580000612507
PATH,,125.01143233370479,-12.300860000582361
PATH,,124.27022666722866,-10.148673333417122
PATH,,123.49748033382933,-7.718186667745499
PATH,,122.75627466668088,-4.990846667117097
PATH,,121.93621733407333,-2.3377200000301457
PATH,,121.77851400012966,1.09464666588039
PATH,,121.14770066704432,4.026073332660189
PATH,,120.5957390000904,7.161586665986874
PATH,,119.9964663335921,10.408419999427991
PATH,,119.23949033382245,13.432613333035732
PATH,,118.35635166669617,16.25271999930561
PATH,,117.61514599988388,19.165593332403432
PATH,,116.8581700004504,21.930039999209328
PATH,,116.29043800053913,24.60171999918728
PATH,,115.78578733380192,27.180633332337294
PATH,,115.31267733331559,29.685333332341344
PATH,,114.91841899996916,32.04160666605347
PATH,,114.55570133388211,34.19379333242773
PATH,,114.25606500029679,36.29031999933801
PATH,,114.01951000055787,38.33118666599333
PATH,,113.84603633399301,40.242179999247725
PATH,,113.86180666695037,42.13461999921563
PATH,,113.8933473335374,43.8971866661781
PATH,,113.6410220001688,45.400006666338726
PATH,,113.10483066650839,46.977039999249826
PATH,,112.36362500003227,48.57262666623839
PATH,,111.32278300064316,50.112553332972
PATH,,109.98230466666023,51.522606665909194
PATH,,108.10563500002539,52.8955533326689
PATH,,105.88201800026084,54.19428666588715
PATH,,103.42184600008504,55.54867999975585
PATH,,100.75665966675736,56.940179999011065
PATH,,97.91799966652866,58.20180666605182
PATH,,95.06356933367877,59.25934666615021
PATH,,92.08297633380842,60.24267333270714
PATH,,89.16546466677597,61.13323333283162
PATH,,86.4529673339039,61.96813333270114
PATH,,83.67738866718544,62.89579999979409
PATH,,80.88603966717345,63.84201999938256
PATH,,78.20508300021609,64.84389999922598
PATH,,75.53989666688841,65.97565333286582
PATH,,72.90625099981159,67.23727999951109
PATH,,70.2568350001136,68.66588666652575
PATH,,67.59164866678591,70.33568666666028
PATH,,65.03685466684901,72.02403999929032
PATH,,62.450520000325085,73.82371333282578
PATH,,60.02188866740865,75.69759999950719
PATH,,57.84558266685233,77.51582666553816
PATH,,55.90583166737959,79.24128666592765
PATH,,54.234176333896635,80.92963999974415
PATH,,52.72022433334885,82.48811999897327
PATH,,51.3008943332345,83.86106666573298
PATH,,49.944645667302716,85.08558666580527
PATH,,48.493774999929,86.29155333259106
PATH,,46.88520100029245,87.40475333294441
PATH,,45.16623466659278,88.38807999950134
PATH,,43.47880900048864,89.03744666571498
PATH,,41.93331633335382,89.3157466661988
PATH,,40.687460000476655,89.40851333302675
PATH,,39.757010333805994,89.27863999962582
PATH,,39.18927833389472,89.11165999965192
PATH,,38.82656066713533,89.05599999939696
PATH,,38.258828666887894,88.85191333285007
PATH,,37.59647466721552,88.49939999922029
PATH,,37.15490533365238,88.31386666635538
PATH,,36.77641733393564,88.14688666638148
PATH,,36.17714466710117,87.77581999986069
PATH,,35.64095333377693,87.34909333268945
PATH,,35.05745100023597,86.62551333253887
PATH,,34.31624533342368,85.79061333266935
PATH,,33.748513333512406,84.56609333299255
PATH,,33.16501100064378,82.9519533327175
PATH,,32.439575667125006,80.96674666631714
PATH,,31.619518333508964,78.59191999971401
PATH,,30.704839000467985,76.12432666628294
PATH,,29.742848666874124,73.50830666576897
PATH,,28.62315500068126,70.91083999972795
PATH,,27.424609666676147,68.257713332641
PATH,,26.13144233391843,65.51181999951709
PATH,,24.601720000413295,62.74737333271119
PATH,,22.83544266716924,59.964373332618806
PATH,,20.974543333491752,57.34835333289581
PATH,,18.98748133346613,54.99207999918369
PATH,,16.96887866685347,52.80278666663193
PATH,,14.93450566661113,50.836133333122575
PATH,,12.994754666802223,49.017906665905144
PATH,,11.196936667307298,47.23678666605167
PATH,,9.47797033360763,45.52987999973965
PATH,,7.774774333537643,43.76731333277718
PATH,,5.913875000532485,42.15317333289761
PATH,,3.9425833334642135,40.52047999973155
PATH,,2.065913666829374,38.906339999061004
PATH,,0.31540666654267113,37.236539998926474
PATH,,-1.2458563332133323,35.45541999946849
PATH,,-2.57056433289425,33.50731999964111
PATH,,-3.5483249997816273,31.447899999303814
PATH,,-4.257990000006885,29.332819999502533
PATH,,-4.699559332897692,27.143526665764313
PATH,,-4.967654999895977,25.02844666635852
PATH,,-5.0149659994403635,22.857706666302278
PATH,,-4.873032999462545,20.594199999418095
PATH,,-4.68378899994034,18.31213999964291
PATH,,-4.368382333397669,16.25271999930561
PATH,,-3.832191000073429,14.434493332879157
PATH,,-3.3275403330000586,12.690479999994153
PATH,,-2.838659999892535,10.79803999963076
PATH,,-2.334009333155329,8.905599999267366
PATH,,-1.9712916663959419,6.9760533323309915
PATH,,-1.5612629997560035,5.250593333127966
PATH,,-1.119693666192866,3.71066666639436
PATH,,-0.7096649998890925,2.35627333252566
PATH,,-0.41002866630377355,1.2245199992813127
PATH,,-0.20501433315188677,0.37106666652078957
PATH,,0.015770333629681943,-0.40817333428023517
PATH,,0.37848800072523403,-1.3729466675506785
PATH,,0.7569760004419734,-2.393380000285106
PATH,,1.1354640001587128,-3.4509200007789786
PATH,,1.5297223335051342,-4.471353333513406
PATH,,1.8293586670904531,-5.343360000351396
